,work_year,experience_level,employment_type,job_title,salary,salary_currency,salary_in_usd,employee_residence,remote_ratio,company_location,company_size
0,2020,MI,FT,Data Scientist,70000.0,EUR,79833.0,DE,0,DE,Large
1,2020,SE,FT,Machine Learning Scientist,260000.0,USD,260000.0,JP,0,JP,Small
2,2020,SE,FT,Big Data Engineer,85000.0,GBP,109024.0,GB,50,GB,Medium
3,2020,MI,FT,Product Data Analyst,20000.0,USD,20000.0,HN,0,HN,Small
4,2020,SE,FT,Machine Learning Engineer,150000.0,USD,150000.0,US,50,US,Large
5,2020,EN,FT,Data Analyst,72000.0,USD,72000.0,US,100,US,Large
6,2020,SE,FT,Lead Data Scientist,190000.0,USD,190000.0,US,100,US,Small
7,2020,MI,FT,Data Scientist,11000000.0,HUF,35735.0,HU,50,HU,Large
8,2020,MI,FT,Business Data Analyst,135000.0,USD,135000.0,US,100,US,Large
9,2020,SE,FT,Lead Data Engineer,125000.0,USD,125000.0,NZ,50,NZ,Small
10,2020,EN,FT,Data Scientist,45000.0,EUR,51321.0,FR,0,FR,Small
11,2020,MI,FT,Data Scientist,3000000.0,INR,40481.0,IN,0,IN,Large
12,2020,EN,FT,Data Scientist,35000.0,EUR,39916.0,FR,0,FR,Medium
13,2020,MI,FT,Lead Data Analyst,87000.0,USD,87000.0,US,100,US,Large
14,2020,MI,FT,Data Analyst,85000.0,USD,85000.0,US,100,US,Large
15,2020,MI,FT,Data Analyst,8000.0,USD,8000.0,PK,50,PK,Large
16,2020,EN,FT,Data Engineer,4450000.0,JPY,41689.0,JP,100,JP,Small
17,2020,SE,FT,Big Data Engineer,100000.0,EUR,114047.0,PL,100,GB,Small
18,2020,EN,FT,Data Science Consultant,423000.0,INR,5707.0,IN,50,IN,Medium
19,2020,MI,FT,Lead Data Engineer,56000.0,USD,56000.0,PT,100,US,Medium
20,2020,MI,FT,Machine Learning Engineer,299000.0,CNY,43331.0,CN,0,CN,Medium
21,2020,MI,FT,Product Data Analyst,450000.0,INR,6072.0,IN,100,IN,Large
22,2020,SE,FT,Data Engineer,42000.0,EUR,47899.0,GR,50,GR,Large
23,2020,MI,FT,BI Data Analyst,98000.0,USD,98000.0,US,0,US,Medium
24,2020,MI,FT,Lead Data Scientist,115000.0,USD,115000.0,AE,0,AE,Large
25,2020,EX,FT,Director of Data Science,325000.0,USD,325000.0,US,100,US,Large
26,2020,EN,FT,Research Scientist,42000.0,USD,42000.0,NL,50,NL,Large
27,2020,SE,FT,Data Engineer,720000.0,MXN,33511.0,MX,0,MX,Small
28,2020,EN,CT,Business Data Analyst,100000.0,USD,100000.0,US,100,US,Large
29,2020,SE,FT,Machine Learning Manager,157000.0,CAD,117104.0,CA,50,CA,Large
30,2020,MI,FT,Data Engineering Manager,51999.0,EUR,59303.0,DE,100,DE,Small
31,2020,EN,FT,Big Data Engineer,70000.0,USD,70000.0,US,100,US,Large
32,2020,SE,FT,Data Scientist,60000.0,EUR,68428.0,GR,100,US,Large
33,2020,MI,FT,Research Scientist,450000.0,USD,450000.0,US,0,US,Medium
34,2020,MI,FT,Data Analyst,41000.0,EUR,46759.0,FR,50,FR,Large
35,2020,MI,FT,Data Engineer,65000.0,EUR,74130.0,AT,50,AT,Large
36,2020,MI,FT,Data Science Consultant,103000.0,USD,103000.0,US,100,US,Large
37,2020,EN,FT,Machine Learning Engineer,250000.0,USD,250000.0,US,50,US,Large
38,2020,EN,FT,Data Analyst,10000.0,USD,10000.0,NG,100,NG,Small
39,2020,EN,FT,Machine Learning Engineer,138000.0,USD,138000.0,US,100,US,Small
40,2020,MI,FT,Data Scientist,45760.0,USD,45760.0,PH,100,US,Small
41,2020,EX,FT,Data Engineering Manager,70000.0,EUR,79833.0,ES,50,ES,Large
42,2020,MI,FT,Machine Learning Infrastructure Engineer,44000.0,EUR,50180.0,PT,0,PT,Medium
43,2020,MI,FT,Data Engineer,106000.0,USD,106000.0,US,100,US,Large
44,2020,MI,FT,Data Engineer,88000.0,GBP,112872.0,GB,50,GB,Large
45,2020,EN,PT,ML Engineer,14000.0,EUR,15966.0,DE,100,DE,Small
46,2020,MI,FT,Data Scientist,60000.0,GBP,76958.0,GB,100,GB,Small
47,2020,SE,FT,Data Engineer,188000.0,USD,188000.0,US,100,US,Large
48,2020,MI,FT,Data Scientist,105000.0,USD,105000.0,US,100,US,Large
49,2020,MI,FT,Data Engineer,61500.0,EUR,70139.0,FR,50,FR,Large
50,2020,EN,FT,Data Analyst,450000.0,INR,6072.0,IN,0,IN,Small
51,2020,EN,FT,Data Analyst,91000.0,USD,91000.0,US,100,US,Large
52,2020,EN,FT,AI Scientist,300000.0,DKK,45896.0,DK,50,DK,Small
53,2020,EN,FT,Data Engineer,48000.0,EUR,54742.0,PK,100,DE,Large
54,2020,SE,FL,Computer Vision Engineer,60000.0,USD,60000.0,RU,100,US,Small
55,2020,SE,FT,Principal Data Scientist,130000.0,EUR,148261.0,DE,100,DE,Medium
56,2020,MI,FT,Data Scientist,34000.0,EUR,38776.0,ES,100,ES,Medium
57,2020,MI,FT,Data Scientist,118000.0,USD,118000.0,US,100,US,Medium
58,2020,SE,FT,Data Scientist,120000.0,USD,120000.0,US,50,US,Large
59,2020,MI,FT,Data Scientist,138350.0,USD,138350.0,US,100,US,Medium
60,2020,MI,FT,Data Engineer,110000.0,USD,110000.0,US,100,US,Large
61,2020,MI,FT,Data Engineer,130800.0,USD,130800.0,ES,100,US,Medium
62,2020,EN,PT,Data Scientist,19000.0,EUR,21669.0,IT,50,IT,Small
63,2020,SE,FT,Data Scientist,412000.0,USD,412000.0,US,100,US,Large
64,2020,SE,FT,Machine Learning Engineer,40000.0,EUR,45618.0,HR,100,HR,Small
65,2020,EN,FT,Data Scientist,55000.0,EUR,62726.0,DE,50,DE,Small
66,2020,EN,FT,Data Scientist,43200.0,EUR,49268.0,DE,0,DE,Small
67,2020,SE,FT,Data Science Manager,190200.0,USD,190200.0,US,100,US,Medium
68,2020,EN,FT,Data Scientist,105000.0,USD,105000.0,US,100,US,Small
69,2020,SE,FT,Data Scientist,80000.0,EUR,91237.0,AT,0,AT,Small
70,2020,MI,FT,Data Scientist,55000.0,EUR,62726.0,FR,50,LU,Small
71,2020,MI,FT,Data Scientist,37000.0,EUR,42197.0,FR,50,FR,Small
72,2021,EN,FT,Research Scientist,60000.0,GBP,82528.0,GB,50,GB,Large
73,2021,EX,FT,BI Data Analyst,150000.0,USD,150000.0,IN,100,US,Large
74,2021,EX,FT,Head of Data,235000.0,USD,235000.0,US,100,US,Large
75,2021,SE,FT,Data Scientist,45000.0,EUR,53192.0,FR,50,FR,Large
76,2021,MI,FT,BI Data Analyst,100000.0,USD,100000.0,US,100,US,Medium
77,2021,MI,PT,3D Computer Vision Researcher,400000.0,INR,5409.0,IN,50,IN,Medium
78,2021,MI,CT,ML Engineer,270000.0,USD,270000.0,US,100,US,Large
79,2021,EN,FT,Data Analyst,80000.0,USD,80000.0,US,100,US,Medium
80,2021,SE,FT,Data Analytics Engineer,67000.0,EUR,79197.0,DE,100,DE,Large
81,2021,MI,FT,Data Engineer,140000.0,USD,140000.0,US,100,US,Large
82,2021,MI,FT,Applied Data Scientist,68000.0,CAD,54238.0,GB,50,CA,Large
83,2021,MI,FT,Machine Learning Engineer,40000.0,EUR,47282.0,ES,100,ES,Small
84,2021,EX,FT,Director of Data Science,130000.0,EUR,153667.0,IT,100,PL,Large
85,2021,MI,FT,Data Engineer,110000.0,PLN,28476.0,PL,100,PL,Large
86,2021,EN,FT,Data Analyst,50000.0,EUR,59102.0,FR,50,FR,Medium
87,2021,MI,FT,Data Analytics Engineer,110000.0,USD,110000.0,US,100,US,Large
88,2021,SE,FT,Lead Data Analyst,170000.0,USD,170000.0,US,100,US,Large
89,2021,SE,FT,Data Analyst,80000.0,USD,80000.0,BG,100,US,Small
90,2021,SE,FT,Marketing Data Analyst,75000.0,EUR,88654.0,GR,100,DK,Large
91,2021,EN,FT,Data Science Consultant,65000.0,EUR,76833.0,DE,100,DE,Small
92,2021,MI,FT,Lead Data Analyst,1450000.0,INR,19609.0,IN,100,IN,Large
93,2021,SE,FT,Lead Data Engineer,276000.0,USD,276000.0,US,0,US,Large
94,2021,EN,FT,Data Scientist,2200000.0,INR,29751.0,IN,50,IN,Large
95,2021,MI,FT,Cloud Data Engineer,120000.0,SGD,89294.0,SG,50,SG,Large
96,2021,EN,PT,AI Scientist,12000.0,USD,12000.0,BR,100,US,Small
97,2021,MI,FT,Financial Data Analyst,450000.0,USD,450000.0,US,100,US,Large
98,2021,EN,FT,Computer Vision Software Engineer,70000.0,USD,70000.0,US,100,US,Medium
99,2021,MI,FT,Computer Vision Software Engineer,81000.0,EUR,95746.0,DE,100,US,Small
100,2021,MI,FT,Data Analyst,75000.0,USD,75000.0,US,0,US,Large
101,2021,SE,FT,Data Engineer,150000.0,USD,150000.0,US,100,US,Large
102,2021,MI,FT,BI Data Analyst,11000000.0,HUF,36259.0,HU,50,US,Large
103,2021,MI,FT,Data Analyst,62000.0,USD,62000.0,US,0,US,Large
104,2021,MI,FT,Data Scientist,73000.0,USD,73000.0,US,0,US,Large
105,2021,MI,FT,Data Analyst,37456.0,GBP,51519.0,GB,50,GB,Large
106,2021,MI,FT,Research Scientist,235000.0,CAD,187442.0,CA,100,CA,Large
107,2021,SE,FT,Data Engineer,115000.0,USD,115000.0,US,100,US,Small
108,2021,SE,FT,Data Engineer,150000.0,USD,150000.0,US,100,US,Medium
109,2021,EN,FT,Data Engineer,2250000.0,INR,30428.0,IN,100,IN,Large
110,2021,SE,FT,Machine Learning Engineer,80000.0,EUR,94564.0,DE,50,DE,Large
111,2021,SE,FT,Director of Data Engineering,82500.0,GBP,113476.0,GB,100,GB,Medium
112,2021,SE,FT,Lead Data Engineer,75000.0,GBP,103160.0,GB,100,GB,Small
113,2021,EN,PT,AI Scientist,12000.0,USD,12000.0,PK,100,US,Medium
114,2021,MI,FT,Data Engineer,38400.0,EUR,45391.0,NL,100,NL,Large
115,2021,EN,FT,Machine Learning Scientist,225000.0,USD,225000.0,US,100,US,Large
116,2021,MI,FT,Data Scientist,50000.0,USD,50000.0,NG,100,NG,Large
117,2021,MI,FT,Data Science Engineer,34000.0,EUR,40189.0,GR,100,GR,Medium
118,2021,EN,FT,Data Analyst,90000.0,USD,90000.0,US,100,US,Small
119,2021,MI,FT,Data Engineer,200000.0,USD,200000.0,US,100,US,Large
120,2021,MI,FT,Big Data Engineer,60000.0,USD,60000.0,ES,50,RO,Medium
121,2021,SE,FT,Principal Data Engineer,200000.0,USD,200000.0,US,100,US,Medium
122,2021,EN,FT,Data Analyst,50000.0,USD,50000.0,US,100,US,Medium
123,2021,EN,FT,Applied Data Scientist,80000.0,GBP,110037.0,GB,0,GB,Large
124,2021,EN,PT,Data Analyst,8760.0,EUR,10354.0,ES,50,ES,Medium
125,2021,MI,FT,Principal Data Scientist,151000.0,USD,151000.0,US,100,US,Large
126,2021,SE,FT,Machine Learning Scientist,120000.0,USD,120000.0,US,50,US,Small
127,2021,MI,FT,Data Scientist,700000.0,INR,9466.0,IN,0,IN,Small
128,2021,EN,FT,Machine Learning Engineer,20000.0,USD,20000.0,IN,100,IN,Small
129,2021,SE,FT,Lead Data Scientist,3000000.0,INR,40570.0,IN,50,IN,Large
130,2021,EN,FT,Machine Learning Developer,100000.0,USD,100000.0,IQ,50,IQ,Small
131,2021,EN,FT,Data Scientist,42000.0,EUR,49646.0,FR,50,FR,Medium
132,2021,MI,FT,Applied Machine Learning Scientist,38400.0,USD,38400.0,VN,100,US,Medium
133,2021,SE,FT,Computer Vision Engineer,24000.0,USD,24000.0,BR,100,BR,Medium
134,2021,EN,FT,Data Scientist,100000.0,USD,100000.0,US,0,US,Small
135,2021,MI,FT,Data Analyst,90000.0,USD,90000.0,US,100,US,Medium
136,2021,MI,FT,ML Engineer,7000000.0,JPY,63711.0,JP,50,JP,Small
137,2021,MI,FT,ML Engineer,8500000.0,JPY,77364.0,JP,50,JP,Small
138,2021,SE,FT,Principal Data Scientist,220000.0,USD,220000.0,US,0,US,Large
139,2021,EN,FT,Data Scientist,80000.0,USD,80000.0,US,100,US,Medium
140,2021,MI,FT,Data Analyst,135000.0,USD,135000.0,US,100,US,Large
141,2021,SE,FT,Data Science Manager,240000.0,USD,240000.0,US,0,US,Large
142,2021,SE,FT,Data Engineering Manager,150000.0,USD,150000.0,US,0,US,Large
143,2021,MI,FT,Data Scientist,82500.0,USD,82500.0,US,100,US,Small
144,2021,MI,FT,Data Engineer,100000.0,USD,100000.0,US,100,US,Large
145,2021,SE,FT,Machine Learning Engineer,70000.0,EUR,82744.0,BE,50,BE,Medium
146,2021,MI,FT,Research Scientist,53000.0,EUR,62649.0,FR,50,FR,Medium
147,2021,MI,FT,Data Engineer,90000.0,USD,90000.0,US,100,US,Large
148,2021,SE,FT,Data Engineering Manager,153000.0,USD,153000.0,US,100,US,Large
149,2021,SE,FT,Cloud Data Engineer,160000.0,USD,160000.0,BR,100,US,Small
150,2021,SE,FT,Director of Data Science,168000.0,USD,168000.0,JP,0,JP,Small
151,2021,MI,FT,Data Scientist,150000.0,USD,150000.0,US,100,US,Medium
152,2021,MI,FT,Data Scientist,95000.0,CAD,75774.0,CA,100,CA,Large
153,2021,EN,FT,Data Scientist,13400.0,USD,13400.0,UA,100,UA,Large
154,2021,SE,FT,Data Science Manager,144000.0,USD,144000.0,US,100,US,Large
155,2021,SE,FT,Data Science Engineer,159500.0,CAD,127221.0,CA,50,CA,Large
156,2021,MI,FT,Data Scientist,160000.0,SGD,119059.0,SG,100,IL,Medium
157,2021,MI,FT,Applied Machine Learning Scientist,423000.0,USD,423000.0,US,50,US,Large
158,2021,SE,FT,Data Analytics Manager,120000.0,USD,120000.0,US,100,US,Medium
159,2021,EN,FT,Machine Learning Engineer,125000.0,USD,125000.0,US,100,US,Small
160,2021,EX,FT,Head of Data,230000.0,USD,230000.0,RU,50,RU,Large
161,2021,EX,FT,Head of Data Science,85000.0,USD,85000.0,RU,0,RU,Medium
162,2021,MI,FT,Data Engineer,24000.0,EUR,28369.0,MT,50,MT,Large
163,2021,EN,FT,Data Science Consultant,54000.0,EUR,63831.0,DE,50,DE,Large
164,2021,EX,FT,Director of Data Science,110000.0,EUR,130026.0,DE,50,DE,Medium
165,2021,SE,FT,Data Specialist,165000.0,USD,165000.0,US,100,US,Large
166,2021,EN,FT,Data Engineer,80000.0,USD,80000.0,US,100,US,Large
167,2021,EX,FT,Director of Data Science,250000.0,USD,250000.0,US,0,US,Large
168,2021,EN,FT,BI Data Analyst,55000.0,USD,55000.0,US,50,US,Small
169,2021,MI,FT,Data Architect,150000.0,USD,150000.0,US,100,US,Large
170,2021,MI,FT,Data Architect,170000.0,USD,170000.0,US,100,US,Large
171,2021,MI,FT,Data Engineer,60000.0,GBP,82528.0,GB,100,GB,Large
172,2021,EN,FT,Data Analyst,60000.0,USD,60000.0,US,100,US,Small
173,2021,SE,FT,Principal Data Scientist,235000.0,USD,235000.0,US,100,US,Large
174,2021,SE,FT,Research Scientist,51400.0,EUR,60757.0,PT,50,PT,Large
175,2021,SE,FT,Data Engineering Manager,174000.0,USD,174000.0,US,100,US,Large
176,2021,MI,FT,Data Scientist,58000.0,MXN,2859.0,MX,0,MX,Small
177,2021,MI,FT,Data Scientist,30400000.0,CLP,40038.0,CL,100,CL,Large
178,2021,EN,FT,Machine Learning Engineer,81000.0,USD,81000.0,US,50,US,Small
179,2021,MI,FT,Data Scientist,420000.0,INR,5679.0,IN,100,US,Small
180,2021,MI,FT,Big Data Engineer,1672000.0,INR,22611.0,IN,0,IN,Large
181,2021,MI,FT,Data Scientist,76760.0,EUR,90734.0,DE,50,DE,Large
182,2021,MI,FT,Data Engineer,22000.0,EUR,26005.0,RO,0,US,Large
183,2021,SE,FT,Finance Data Analyst,45000.0,GBP,61896.0,GB,50,GB,Large
184,2021,MI,FL,Machine Learning Scientist,12000.0,USD,12000.0,PK,50,PK,Medium
185,2021,MI,FT,Data Engineer,4000.0,USD,4000.0,IR,100,IR,Medium
186,2021,SE,FT,Data Analytics Engineer,50000.0,USD,50000.0,VN,100,GB,Medium
187,2021,EX,FT,Data Science Consultant,59000.0,EUR,69741.0,FR,100,ES,Small
188,2021,SE,FT,Data Engineer,65000.0,EUR,76833.0,RO,50,GB,Small
189,2021,MI,FT,Machine Learning Engineer,74000.0,USD,74000.0,JP,50,JP,Small
190,2021,SE,FT,Data Science Manager,152000.0,USD,152000.0,US,100,FR,Large
191,2021,EN,FT,Machine Learning Engineer,21844.0,USD,21844.0,CO,50,CO,Medium
192,2021,MI,FT,Big Data Engineer,18000.0,USD,18000.0,MD,0,MD,Small
193,2021,SE,FT,Data Science Manager,174000.0,USD,174000.0,US,100,US,Large
194,2021,SE,FT,Research Scientist,120500.0,CAD,96113.0,CA,50,CA,Large
195,2021,MI,FT,Data Scientist,147000.0,USD,147000.0,US,50,US,Large
196,2021,EN,FT,BI Data Analyst,9272.0,USD,9272.0,KE,100,KE,Small
197,2021,SE,FT,Machine Learning Engineer,1799997.0,INR,24342.0,IN,100,IN,Large
198,2021,SE,FT,Data Science Manager,4000000.0,INR,54094.0,IN,50,US,Large
199,2021,EN,FT,Data Science Consultant,90000.0,USD,90000.0,US,100,US,Small
200,2021,MI,FT,Data Scientist,52000.0,EUR,61467.0,DE,50,AT,Medium
201,2021,SE,FT,Machine Learning Infrastructure Engineer,195000.0,USD,195000.0,US,100,US,Medium
202,2021,MI,FT,Data Scientist,32000.0,EUR,37825.0,ES,100,ES,Large
203,2021,SE,FT,Research Scientist,50000.0,USD,50000.0,FR,100,US,Small
204,2021,MI,FT,Data Scientist,160000.0,USD,160000.0,US,100,US,Large
205,2021,MI,FT,Data Scientist,69600.0,BRL,12901.0,BR,0,BR,Small
206,2021,SE,FT,Machine Learning Engineer,200000.0,USD,200000.0,US,100,US,Large
207,2021,SE,FT,Data Engineer,165000.0,USD,165000.0,US,0,US,Medium
208,2021,MI,FL,Data Engineer,20000.0,USD,20000.0,IT,0,US,Large
209,2021,SE,FT,Data Analytics Manager,120000.0,USD,120000.0,US,0,US,Large
210,2021,MI,FT,Machine Learning Engineer,21000.0,EUR,24823.0,SI,50,SI,Large
211,2021,MI,FT,Research Scientist,48000.0,EUR,56738.0,FR,50,FR,Small
212,2021,MI,FT,Data Engineer,48000.0,GBP,66022.0,HK,50,GB,Small
213,2021,EN,FT,Big Data Engineer,435000.0,INR,5882.0,IN,0,CH,Large
214,2021,EN,FT,Machine Learning Engineer,21000.0,EUR,24823.0,DE,50,DE,Medium
215,2021,SE,FT,Principal Data Engineer,185000.0,USD,185000.0,US,100,US,Large
216,2021,EN,PT,Computer Vision Engineer,180000.0,DKK,28609.0,DK,50,DK,Small
217,2021,MI,FT,Data Scientist,76760.0,EUR,90734.0,DE,50,DE,Large
218,2021,MI,FT,Machine Learning Engineer,75000.0,EUR,88654.0,BE,100,BE,Medium
219,2021,SE,FT,Data Analytics Manager,140000.0,USD,140000.0,US,100,US,Large
220,2021,MI,FT,Machine Learning Engineer,180000.0,PLN,46597.0,PL,100,PL,Large
221,2021,MI,FT,Data Scientist,85000.0,GBP,116914.0,GB,50,GB,Large
222,2021,MI,FT,Data Scientist,2500000.0,INR,33808.0,IN,0,IN,Medium
223,2021,MI,FT,Data Scientist,40900.0,GBP,56256.0,GB,50,GB,Large
224,2021,SE,FT,Machine Learning Scientist,225000.0,USD,225000.0,US,100,CA,Large
225,2021,EX,CT,Principal Data Scientist,416000.0,USD,416000.0,US,100,US,Small
226,2021,SE,FT,Data Scientist,110000.0,CAD,87738.0,CA,100,CA,Small
227,2021,MI,FT,Data Scientist,75000.0,EUR,88654.0,DE,50,DE,Large
228,2021,SE,FT,Data Scientist,135000.0,USD,135000.0,US,0,US,Large
229,2021,SE,FT,Data Analyst,90000.0,CAD,71786.0,CA,100,CA,Medium
230,2021,EN,FT,Big Data Engineer,1200000.0,INR,16228.0,IN,100,IN,Large
231,2021,SE,FT,ML Engineer,256000.0,USD,256000.0,US,100,US,Small
232,2021,SE,FT,Director of Data Engineering,200000.0,USD,200000.0,US,100,US,Large
233,2021,SE,FT,Data Analyst,200000.0,USD,200000.0,US,100,US,Large
234,2021,MI,FT,Data Architect,180000.0,USD,180000.0,US,100,US,Large
235,2021,MI,FT,Head of Data Science,110000.0,USD,110000.0,US,0,US,Small
236,2021,MI,FT,Research Scientist,80000.0,CAD,63810.0,CA,100,CA,Medium
237,2021,MI,FT,Data Scientist,39600.0,EUR,46809.0,ES,100,ES,Medium
238,2021,EN,FT,Data Scientist,4000.0,USD,4000.0,VN,0,VN,Medium
239,2021,EN,FT,Data Engineer,1600000.0,INR,21637.0,IN,50,IN,Medium
240,2021,SE,FT,Data Scientist,130000.0,CAD,103691.0,CA,100,CA,Large
241,2021,MI,FT,Data Analyst,80000.0,USD,80000.0,US,100,US,Large
242,2021,MI,FT,Data Engineer,110000.0,USD,110000.0,US,100,US,Large
243,2021,SE,FT,Data Scientist,165000.0,USD,165000.0,US,100,US,Large
244,2021,EN,FT,AI Scientist,1335000.0,INR,18053.0,IN,100,AS,Small
245,2021,MI,FT,Data Engineer,52500.0,GBP,72212.0,GB,50,GB,Large
246,2021,EN,FT,Data Scientist,31000.0,EUR,36643.0,FR,50,FR,Large
247,2021,MI,FT,Data Engineer,108000.0,TRY,12103.0,TR,0,TR,Medium
248,2021,SE,FT,Data Engineer,70000.0,GBP,96282.0,GB,50,GB,Large
249,2021,SE,FT,Principal Data Analyst,170000.0,USD,170000.0,US,100,US,Medium
250,2021,MI,FT,Data Scientist,115000.0,USD,115000.0,US,50,US,Large
251,2021,EN,FT,Data Scientist,90000.0,USD,90000.0,US,100,US,Small
252,2021,EX,FT,Principal Data Engineer,600000.0,USD,600000.0,US,100,US,Large
253,2021,EN,FT,Data Scientist,2100000.0,INR,28399.0,IN,100,IN,Medium
254,2021,MI,FT,Data Analyst,93000.0,USD,93000.0,US,100,US,Large
255,2021,SE,FT,Big Data Architect,125000.0,CAD,99703.0,CA,50,CA,Medium
256,2021,MI,FT,Data Engineer,200000.0,USD,200000.0,US,100,US,Large
257,2021,SE,FT,Principal Data Scientist,147000.0,EUR,173762.0,DE,100,DE,Medium
258,2021,SE,FT,Machine Learning Engineer,185000.0,USD,185000.0,US,50,US,Large
259,2021,EX,FT,Director of Data Science,120000.0,EUR,141846.0,DE,0,DE,Large
260,2021,MI,FT,Data Scientist,130000.0,USD,130000.0,US,50,US,Large
261,2021,SE,FT,Data Analyst,54000.0,EUR,63831.0,DE,50,DE,Large
262,2021,MI,FT,Data Scientist,1250000.0,INR,16904.0,IN,100,IN,Small
263,2021,SE,FT,Machine Learning Engineer,4900000.0,INR,66265.0,IN,0,IN,Large
264,2021,MI,FT,Data Scientist,21600.0,EUR,25532.0,RS,100,DE,Small
265,2021,SE,FT,Lead Data Engineer,160000.0,USD,160000.0,PR,50,US,Small
266,2021,MI,FT,Data Engineer,93150.0,USD,93150.0,US,0,US,Medium
267,2021,MI,FT,Data Engineer,111775.0,USD,111775.0,US,0,US,Medium
268,2021,MI,FT,Data Engineer,250000.0,TRY,28016.0,TR,100,TR,Medium
269,2021,EN,FT,Data Engineer,55000.0,EUR,65013.0,DE,50,DE,Medium
270,2021,EN,FT,Data Engineer,72500.0,USD,72500.0,US,100,US,Large
271,2021,SE,FT,Computer Vision Engineer,102000.0,BRL,18907.0,BR,0,BR,Medium
272,2021,EN,FT,Data Science Consultant,65000.0,EUR,76833.0,DE,0,DE,Large
273,2021,EN,FT,Machine Learning Engineer,85000.0,USD,85000.0,NL,100,DE,Small
274,2021,SE,FT,Data Scientist,65720.0,EUR,77684.0,FR,50,FR,Medium
275,2021,EN,FT,Data Scientist,100000.0,USD,100000.0,US,100,US,Medium
276,2021,EN,FT,Data Scientist,58000.0,USD,58000.0,US,50,US,Large
277,2021,SE,FT,AI Scientist,55000.0,USD,55000.0,ES,100,ES,Large
278,2021,SE,FT,Data Scientist,180000.0,TRY,20171.0,TR,50,TR,Large
279,2021,EN,FT,Business Data Analyst,50000.0,EUR,59102.0,LU,100,LU,Large
280,2021,MI,FT,Data Engineer,112000.0,USD,112000.0,US,100,US,Large
281,2021,EN,FT,Research Scientist,100000.0,USD,100000.0,JE,0,CN,Large
282,2021,MI,PT,Data Engineer,59000.0,EUR,69741.0,NL,100,NL,Large
283,2021,SE,CT,Staff Data Scientist,105000.0,USD,105000.0,US,100,US,Medium
284,2021,MI,FT,Research Scientist,69999.0,USD,69999.0,CZ,50,CZ,Large
285,2021,SE,FT,Data Science Manager,7000000.0,INR,94665.0,IN,50,IN,Large
286,2021,SE,FT,Head of Data,87000.0,EUR,102839.0,SI,100,SI,Large
287,2021,MI,FT,Data Scientist,109000.0,USD,109000.0,US,50,US,Large
288,2021,MI,FT,Machine Learning Engineer,43200.0,EUR,51064.0,IT,50,IT,Large
289,2022,SE,FT,Data Engineer,135000.0,USD,135000.0,US,100,US,Medium
290,2022,SE,FT,Data Analyst,155000.0,USD,155000.0,US,100,US,Medium
291,2022,SE,FT,Data Analyst,120600.0,USD,120600.0,US,100,US,Medium
292,2022,MI,FT,Data Scientist,130000.0,USD,130000.0,US,0,US,Medium
293,2022,MI,FT,Data Scientist,90000.0,USD,90000.0,US,0,US,Medium
294,2022,MI,FT,Data Engineer,170000.0,USD,170000.0,US,100,US,Medium
295,2022,MI,FT,Data Engineer,150000.0,USD,150000.0,US,100,US,Medium
296,2022,SE,FT,Data Analyst,102100.0,USD,102100.0,US,100,US,Medium
297,2022,SE,FT,Data Analyst,84900.0,USD,84900.0,US,100,US,Medium
298,2022,SE,FT,Data Scientist,136620.0,USD,136620.0,US,100,US,Medium
299,2022,SE,FT,Data Scientist,99360.0,USD,99360.0,US,100,US,Medium
300,2022,SE,FT,Data Scientist,90000.0,GBP,117789.0,GB,0,GB,Medium
301,2022,SE,FT,Data Scientist,80000.0,GBP,104702.0,GB,0,GB,Medium
302,2022,SE,FT,Data Scientist,146000.0,USD,146000.0,US,100,US,Medium
303,2022,SE,FT,Data Scientist,123000.0,USD,123000.0,US,100,US,Medium
304,2022,EN,FT,Data Engineer,40000.0,GBP,52351.0,GB,100,GB,Medium
305,2022,SE,FT,Data Analyst,99000.0,USD,99000.0,US,0,US,Medium
306,2022,SE,FT,Data Analyst,116000.0,USD,116000.0,US,0,US,Medium
307,2022,MI,FT,Data Analyst,106260.0,USD,106260.0,US,0,US,Medium
308,2022,MI,FT,Data Analyst,126500.0,USD,126500.0,US,0,US,Medium
309,2022,EX,FT,Data Engineer,242000.0,USD,242000.0,US,100,US,Medium
310,2022,EX,FT,Data Engineer,200000.0,USD,200000.0,US,100,US,Medium
311,2022,MI,FT,Data Scientist,50000.0,GBP,65438.0,GB,0,GB,Medium
312,2022,MI,FT,Data Scientist,30000.0,GBP,39263.0,GB,0,GB,Medium
313,2022,MI,FT,Data Engineer,60000.0,GBP,78526.0,GB,0,GB,Medium
314,2022,MI,FT,Data Engineer,40000.0,GBP,52351.0,GB,0,GB,Medium
315,2022,SE,FT,Data Scientist,165220.0,USD,165220.0,US,100,US,Medium
316,2022,EN,FT,Data Engineer,35000.0,GBP,45807.0,GB,100,GB,Medium
317,2022,SE,FT,Data Scientist,120160.0,USD,120160.0,US,100,US,Medium
318,2022,SE,FT,Data Analyst,90320.0,USD,90320.0,US,100,US,Medium
319,2022,SE,FT,Data Engineer,181940.0,USD,181940.0,US,0,US,Medium
320,2022,SE,FT,Data Engineer,132320.0,USD,132320.0,US,0,US,Medium
321,2022,SE,FT,Data Engineer,220110.0,USD,220110.0,US,0,US,Medium
322,2022,SE,FT,Data Engineer,160080.0,USD,160080.0,US,0,US,Medium
323,2022,SE,FT,Data Scientist,180000.0,USD,180000.0,US,0,US,Large
324,2022,SE,FT,Data Scientist,120000.0,USD,120000.0,US,0,US,Large
325,2022,SE,FT,Data Analyst,124190.0,USD,124190.0,US,100,US,Medium
326,2022,EX,FT,Data Analyst,130000.0,USD,130000.0,US,100,US,Medium
327,2022,EX,FT,Data Analyst,110000.0,USD,110000.0,US,100,US,Medium
328,2022,SE,FT,Data Analyst,170000.0,USD,170000.0,US,100,US,Medium
329,2022,MI,FT,Data Analyst,115500.0,USD,115500.0,US,100,US,Medium
330,2022,SE,FT,Data Analyst,112900.0,USD,112900.0,US,100,US,Medium
331,2022,SE,FT,Data Analyst,90320.0,USD,90320.0,US,100,US,Medium
332,2022,SE,FT,Data Analyst,112900.0,USD,112900.0,US,100,US,Medium
333,2022,SE,FT,Data Analyst,90320.0,USD,90320.0,US,100,US,Medium
334,2022,SE,FT,Data Engineer,165400.0,USD,165400.0,US,100,US,Medium
335,2022,SE,FT,Data Engineer,132320.0,USD,132320.0,US,100,US,Medium
336,2022,MI,FT,Data Analyst,167000.0,USD,167000.0,US,100,US,Medium
337,2022,SE,FT,Data Engineer,243900.0,USD,243900.0,US,100,US,Medium
338,2022,SE,FT,Data Analyst,136600.0,USD,136600.0,US,100,US,Medium
339,2022,SE,FT,Data Analyst,109280.0,USD,109280.0,US,100,US,Medium
340,2022,SE,FT,Data Engineer,128875.0,USD,128875.0,US,100,US,Medium
341,2022,SE,FT,Data Engineer,93700.0,USD,93700.0,US,100,US,Medium
342,2022,EX,FT,Head of Data Science,224000.0,USD,224000.0,US,100,US,Medium
343,2022,EX,FT,Head of Data Science,167875.0,USD,167875.0,US,100,US,Medium
344,2022,EX,FT,Analytics Engineer,175000.0,USD,175000.0,US,100,US,Medium
345,2022,SE,FT,Data Engineer,156600.0,USD,156600.0,US,100,US,Medium
346,2022,SE,FT,Data Engineer,108800.0,USD,108800.0,US,0,US,Medium
347,2022,SE,FT,Data Scientist,95550.0,USD,95550.0,US,0,US,Medium
348,2022,SE,FT,Data Engineer,113000.0,USD,113000.0,US,0,US,Large
349,2022,SE,FT,Data Analyst,135000.0,USD,135000.0,US,100,US,Medium
350,2022,SE,FT,Data Science Manager,161342.0,USD,161342.0,US,100,US,Medium
351,2022,SE,FT,Data Science Manager,137141.0,USD,137141.0,US,100,US,Medium
352,2022,SE,FT,Data Scientist,167000.0,USD,167000.0,US,100,US,Medium
353,2022,SE,FT,Data Scientist,123000.0,USD,123000.0,US,100,US,Medium
354,2022,SE,FT,Data Engineer,60000.0,GBP,78526.0,GB,0,GB,Medium
355,2022,SE,FT,Data Engineer,50000.0,GBP,65438.0,GB,0,GB,Medium
356,2022,SE,FT,Data Scientist,150000.0,USD,150000.0,US,0,US,Medium
357,2022,SE,FT,Data Scientist,211500.0,USD,211500.0,US,100,US,Medium
358,2022,SE,FT,Data Architect,192400.0,USD,192400.0,CA,100,CA,Medium
359,2022,SE,FT,Data Architect,90700.0,USD,90700.0,CA,100,CA,Medium
360,2022,SE,FT,Data Analyst,130000.0,USD,130000.0,CA,100,CA,Medium
361,2022,SE,FT,Data Analyst,61300.0,USD,61300.0,CA,100,CA,Medium
362,2022,SE,FT,Data Analyst,130000.0,USD,130000.0,CA,100,CA,Medium
363,2022,SE,FT,Data Analyst,61300.0,USD,61300.0,CA,100,CA,Medium
364,2022,SE,FT,Data Engineer,160000.0,USD,160000.0,US,0,US,Large
365,2022,SE,FT,Data Scientist,138600.0,USD,138600.0,US,100,US,Medium
366,2022,SE,FT,Data Engineer,136000.0,USD,136000.0,US,0,US,Medium
367,2022,MI,FT,Data Analyst,58000.0,USD,58000.0,US,0,US,Small
368,2022,EX,FT,Analytics Engineer,135000.0,USD,135000.0,US,100,US,Medium
369,2022,SE,FT,Data Scientist,170000.0,USD,170000.0,US,100,US,Medium
370,2022,SE,FT,Data Scientist,123000.0,USD,123000.0,US,100,US,Medium
371,2022,SE,FT,Machine Learning Engineer,189650.0,USD,189650.0,US,0,US,Medium
372,2022,SE,FT,Machine Learning Engineer,164996.0,USD,164996.0,US,0,US,Medium
373,2022,MI,FT,ETL Developer,50000.0,EUR,54957.0,GR,0,GR,Medium
374,2022,MI,FT,ETL Developer,50000.0,EUR,54957.0,GR,0,GR,Medium
375,2022,EX,FT,Lead Data Engineer,150000.0,CAD,118187.0,CA,100,CA,Small
376,2022,SE,FT,Data Analyst,132000.0,USD,132000.0,US,0,US,Medium
377,2022,SE,FT,Data Engineer,165400.0,USD,165400.0,US,100,US,Medium
378,2022,SE,FT,Data Architect,208775.0,USD,208775.0,US,100,US,Medium
379,2022,SE,FT,Data Architect,147800.0,USD,147800.0,US,100,US,Medium
380,2022,SE,FT,Data Engineer,136994.0,USD,136994.0,US,100,US,Medium
381,2022,SE,FT,Data Engineer,101570.0,USD,101570.0,US,100,US,Medium
382,2022,SE,FT,Data Analyst,128875.0,USD,128875.0,US,100,US,Medium
383,2022,SE,FT,Data Analyst,93700.0,USD,93700.0,US,100,US,Medium
384,2022,EX,FT,Head of Machine Learning,6000000.0,INR,79039.0,IN,50,IN,Large
385,2022,SE,FT,Data Engineer,132320.0,USD,132320.0,US,100,US,Medium
386,2022,EN,FT,Machine Learning Engineer,28500.0,GBP,37300.0,GB,100,GB,Large
387,2022,SE,FT,Data Analyst,164000.0,USD,164000.0,US,0,US,Medium
388,2022,SE,FT,Data Engineer,155000.0,USD,155000.0,US,100,US,Medium
389,2022,MI,FT,Machine Learning Engineer,95000.0,GBP,124333.0,GB,0,GB,Medium
390,2022,MI,FT,Machine Learning Engineer,75000.0,GBP,98158.0,GB,0,GB,Medium
391,2022,MI,FT,AI Scientist,120000.0,USD,120000.0,US,0,US,Medium
392,2022,SE,FT,Data Analyst,112900.0,USD,112900.0,US,100,US,Medium
393,2022,SE,FT,Data Analyst,90320.0,USD,90320.0,US,100,US,Medium
394,2022,SE,FT,Data Analytics Manager,145000.0,USD,145000.0,US,100,US,Medium
395,2022,SE,FT,Data Analytics Manager,105400.0,USD,105400.0,US,100,US,Medium
396,2022,MI,FT,Machine Learning Engineer,80000.0,EUR,87932.0,FR,100,DE,Medium
397,2022,MI,FT,Data Engineer,90000.0,GBP,117789.0,GB,0,GB,Medium
398,2022,SE,FT,Data Scientist,215300.0,USD,215300.0,US,100,US,Large
399,2022,SE,FT,Data Scientist,158200.0,USD,158200.0,US,100,US,Large
400,2022,SE,FT,Data Engineer,209100.0,USD,209100.0,US,100,US,Large
401,2022,SE,FT,Data Engineer,154600.0,USD,154600.0,US,100,US,Large
402,2022,SE,FT,Data Analyst,115934.0,USD,115934.0,US,0,US,Medium
403,2022,SE,FT,Data Analyst,81666.0,USD,81666.0,US,0,US,Medium
404,2022,SE,FT,Data Engineer,175000.0,USD,175000.0,US,100,US,Medium
405,2022,MI,FT,Data Engineer,75000.0,GBP,98158.0,GB,0,GB,Medium
406,2022,MI,FT,Data Analyst,58000.0,USD,58000.0,US,0,US,Small
407,2022,SE,FT,Data Engineer,183600.0,USD,183600.0,US,100,US,Large
408,2022,MI,FT,Data Analyst,40000.0,GBP,52351.0,GB,100,GB,Medium
409,2022,SE,FT,Data Scientist,180000.0,USD,180000.0,US,100,US,Medium
410,2022,MI,FT,Data Scientist,55000.0,GBP,71982.0,GB,0,GB,Medium
411,2022,MI,FT,Data Scientist,35000.0,GBP,45807.0,GB,0,GB,Medium
412,2022,MI,FT,Data Engineer,60000.0,EUR,65949.0,GR,100,GR,Medium
413,2022,MI,FT,Data Engineer,45000.0,EUR,49461.0,GR,100,GR,Medium
414,2022,MI,FT,Data Engineer,60000.0,GBP,78526.0,GB,100,GB,Medium
415,2022,MI,FT,Data Engineer,45000.0,GBP,58894.0,GB,100,GB,Medium
416,2022,SE,FT,Data Scientist,260000.0,USD,260000.0,US,100,US,Medium
417,2022,SE,FT,Data Science Engineer,60000.0,USD,60000.0,AR,100,MX,Large
418,2022,MI,FT,Data Engineer,63900.0,USD,63900.0,US,0,US,Medium
419,2022,MI,FT,Machine Learning Scientist,160000.0,USD,160000.0,US,100,US,Large
420,2022,MI,FT,Machine Learning Scientist,112300.0,USD,112300.0,US,100,US,Large
421,2022,MI,FT,Data Science Manager,241000.0,USD,241000.0,US,100,US,Medium
422,2022,MI,FT,Data Science Manager,159000.0,USD,159000.0,US,100,US,Medium
423,2022,SE,FT,Data Scientist,180000.0,USD,180000.0,US,0,US,Medium
424,2022,SE,FT,Data Scientist,80000.0,USD,80000.0,US,0,US,Medium
425,2022,MI,FT,Data Engineer,82900.0,USD,82900.0,US,0,US,Medium
426,2022,SE,FT,Data Engineer,100800.0,USD,100800.0,US,100,US,Large
427,2022,MI,FT,Data Engineer,45000.0,EUR,49461.0,ES,100,ES,Medium
428,2022,SE,FT,Data Scientist,140400.0,USD,140400.0,US,0,US,Large
429,2022,MI,FT,Data Analyst,30000.0,GBP,39263.0,GB,100,GB,Medium
430,2022,MI,FT,Data Analyst,40000.0,EUR,43966.0,ES,100,ES,Medium
431,2022,MI,FT,Data Analyst,30000.0,EUR,32974.0,ES,100,ES,Medium
432,2022,MI,FT,Data Engineer,80000.0,EUR,87932.0,ES,100,ES,Medium
433,2022,MI,FT,Data Engineer,70000.0,EUR,76940.0,ES,100,ES,Medium
434,2022,MI,FT,Data Engineer,80000.0,GBP,104702.0,GB,100,GB,Medium
435,2022,MI,FT,Data Engineer,70000.0,GBP,91614.0,GB,100,GB,Medium
436,2022,MI,FT,Data Engineer,60000.0,EUR,65949.0,ES,100,ES,Medium
437,2022,MI,FT,Data Engineer,80000.0,EUR,87932.0,GR,100,GR,Medium
438,2022,SE,FT,Machine Learning Engineer,189650.0,USD,189650.0,US,0,US,Medium
439,2022,SE,FT,Machine Learning Engineer,164996.0,USD,164996.0,US,0,US,Medium
440,2022,MI,FT,Data Analyst,40000.0,EUR,43966.0,GR,100,GR,Medium
441,2022,MI,FT,Data Analyst,30000.0,EUR,32974.0,GR,100,GR,Medium
442,2022,MI,FT,Data Engineer,75000.0,GBP,98158.0,GB,100,GB,Medium
443,2022,MI,FT,Data Engineer,60000.0,GBP,78526.0,GB,100,GB,Medium
444,2022,SE,FT,Data Scientist,215300.0,USD,215300.0,US,0,US,Large
445,2022,MI,FT,Data Engineer,70000.0,EUR,76940.0,GR,100,GR,Medium
446,2022,SE,FT,Data Engineer,209100.0,USD,209100.0,US,100,US,Large
447,2022,SE,FT,Data Engineer,154600.0,USD,154600.0,US,100,US,Large
448,2022,SE,FT,Data Engineer,180000.0,USD,180000.0,US,100,US,Medium
449,2022,EN,FT,ML Engineer,20000.0,EUR,21983.0,PT,100,PT,Large
450,2022,SE,FT,Data Engineer,80000.0,USD,80000.0,US,100,US,Medium
451,2022,MI,FT,Machine Learning Developer,100000.0,CAD,78791.0,CA,100,CA,Medium
452,2022,EX,FT,Director of Data Science,250000.0,CAD,196979.0,CA,50,CA,Large
453,2022,MI,FT,Machine Learning Engineer,120000.0,USD,120000.0,US,100,US,Small
454,2022,EN,FT,Computer Vision Engineer,125000.0,USD,125000.0,US,0,US,Medium
455,2022,MI,FT,NLP Engineer,240000.0,CNY,37236.0,US,50,US,Large
456,2022,SE,FT,Data Engineer,105000.0,USD,105000.0,US,100,US,Medium
457,2022,SE,FT,Lead Machine Learning Engineer,80000.0,EUR,87932.0,DE,0,DE,Medium
458,2022,MI,FT,Business Data Analyst,1400000.0,INR,18442.0,IN,100,IN,Medium
459,2022,MI,FT,Data Scientist,2400000.0,INR,31615.0,IN,100,IN,Large
460,2022,MI,FT,Machine Learning Infrastructure Engineer,53000.0,EUR,58255.0,PT,50,PT,Large
461,2022,EN,FT,Financial Data Analyst,100000.0,USD,100000.0,US,50,US,Large
462,2022,MI,PT,Data Engineer,50000.0,EUR,54957.0,DE,50,DE,Large
463,2022,EN,FT,Data Scientist,1400000.0,INR,18442.0,IN,100,IN,Medium
464,2022,SE,FT,Principal Data Scientist,148000.0,EUR,162674.0,DE,100,DE,Medium
465,2022,EN,FT,Data Engineer,120000.0,USD,120000.0,US,100,US,Medium
466,2022,SE,FT,Research Scientist,144000.0,USD,144000.0,US,50,US,Large
467,2022,SE,FT,Data Scientist,104890.0,USD,104890.0,US,100,US,Medium
468,2022,SE,FT,Data Engineer,100000.0,USD,100000.0,US,100,US,Medium
469,2022,SE,FT,Data Scientist,140000.0,USD,140000.0,US,100,US,Medium
470,2022,MI,FT,Data Analyst,135000.0,USD,135000.0,US,100,US,Medium
471,2022,MI,FT,Data Analyst,50000.0,USD,50000.0,US,100,US,Medium
472,2022,SE,FT,Data Scientist,220000.0,USD,220000.0,US,100,US,Medium
473,2022,SE,FT,Data Scientist,140000.0,USD,140000.0,US,100,US,Medium
474,2022,MI,FT,Data Scientist,140000.0,GBP,183228.0,GB,0,GB,Medium
475,2022,MI,FT,Data Scientist,70000.0,GBP,91614.0,GB,0,GB,Medium
476,2022,SE,FT,Data Scientist,185100.0,USD,185100.0,US,100,US,Medium
477,2022,SE,FT,Machine Learning Engineer,220000.0,USD,220000.0,US,100,US,Medium
478,2022,MI,FT,Data Scientist,200000.0,USD,200000.0,US,100,US,Medium
479,2022,MI,FT,Data Scientist,120000.0,USD,120000.0,US,100,US,Medium
480,2022,SE,FT,Machine Learning Engineer,120000.0,USD,120000.0,AE,100,AE,Small
481,2022,SE,FT,Machine Learning Engineer,65000.0,USD,65000.0,AE,100,AE,Small
482,2022,EX,FT,Data Engineer,324000.0,USD,324000.0,US,100,US,Medium
483,2022,EX,FT,Data Engineer,216000.0,USD,216000.0,US,100,US,Medium
484,2022,SE,FT,Data Engineer,210000.0,USD,210000.0,US,100,US,Medium
485,2022,SE,FT,Machine Learning Engineer,120000.0,USD,120000.0,US,100,US,Medium
486,2022,SE,FT,Data Scientist,230000.0,USD,230000.0,US,100,US,Medium
487,2022,EN,PT,Data Scientist,100000.0,USD,100000.0,DZ,50,DZ,Medium
488,2022,MI,FL,Data Scientist,100000.0,USD,100000.0,CA,100,US,Medium
489,2022,EN,CT,Applied Machine Learning Scientist,29000.0,EUR,31875.0,TN,100,CZ,Medium
490,2022,SE,FT,Head of Data,200000.0,USD,200000.0,MY,100,US,Medium
491,2022,MI,FT,Principal Data Analyst,75000.0,USD,75000.0,CA,100,CA,Small
492,2022,MI,FT,Data Scientist,150000.0,PLN,35590.0,PL,100,PL,Large
493,2022,SE,FT,Machine Learning Developer,100000.0,CAD,78791.0,CA,100,CA,Medium
494,2022,SE,FT,Data Scientist,100000.0,USD,100000.0,BR,100,US,Medium
495,2022,MI,FT,Machine Learning Scientist,153000.0,USD,153000.0,US,50,US,Medium
496,2022,EN,FT,Data Engineer,52800.0,EUR,58035.0,PK,100,DE,Medium
497,2022,SE,FT,Data Scientist,165000.0,USD,165000.0,US,100,US,Medium
498,2022,SE,FT,Research Scientist,85000.0,EUR,93427.0,FR,50,FR,Large
499,2022,EN,FT,Data Scientist,66500.0,CAD,52396.0,CA,100,CA,Large
500,2022,SE,FT,Machine Learning Engineer,57000.0,EUR,62651.0,NL,100,NL,Large
501,2022,MI,FT,Head of Data,30000.0,EUR,32974.0,EE,100,EE,Small
502,2022,EN,FT,Data Scientist,40000.0,USD,40000.0,JP,100,MY,Large
503,2022,MI,FT,Machine Learning Engineer,121000.0,AUD,87425.0,AU,100,AU,Large
504,2022,SE,FT,Data Engineer,115000.0,USD,115000.0,US,100,US,Medium
505,2022,EN,FT,Data Scientist,120000.0,AUD,86703.0,AU,50,AU,Medium
506,2022,MI,FT,Applied Machine Learning Scientist,75000.0,USD,75000.0,BO,100,US,Large
507,2022,MI,FT,Research Scientist,59000.0,EUR,64849.0,AT,0,AT,Large
508,2022,EN,FT,Research Scientist,120000.0,USD,120000.0,US,100,US,Large
509,2022,MI,FT,Applied Data Scientist,157000.0,USD,157000.0,US,100,US,Large
510,2022,EN,FT,Computer Vision Software Engineer,150000.0,USD,150000.0,AU,100,AU,Small
511,2022,MI,FT,Business Data Analyst,90000.0,CAD,70912.0,CA,50,CA,Large
512,2022,EN,FT,Data Engineer,65000.0,USD,65000.0,US,100,US,Small
513,2022,SE,FT,Machine Learning Engineer,65000.0,EUR,71444.0,IE,100,IE,Small
514,2022,EN,FT,Data Analytics Engineer,20000.0,USD,20000.0,PK,0,PK,Medium
515,2022,MI,FT,Data Scientist,48000.0,USD,48000.0,RU,100,US,Small
516,2022,SE,FT,Data Science Manager,152500.0,USD,152500.0,US,100,US,Medium
517,2022,MI,FT,Data Engineer,62000.0,EUR,68147.0,FR,100,FR,Medium
518,2022,MI,FT,Data Scientist,115000.0,CHF,122346.0,CH,0,CH,Large
519,2022,SE,FT,Applied Data Scientist,380000.0,USD,380000.0,US,100,US,Large
520,2022,MI,FT,Data Scientist,88000.0,CAD,69336.0,CA,100,CA,Medium
521,2022,EN,FT,Computer Vision Engineer,10000.0,USD,10000.0,PT,100,LU,Medium
522,2022,MI,FT,Data Analyst,20000.0,USD,20000.0,GR,100,GR,Small
523,2022,SE,FT,Data Analytics Lead,405000.0,USD,405000.0,US,100,US,Large
524,2022,MI,FT,Data Scientist,135000.0,USD,135000.0,US,100,US,Large
525,2022,SE,FT,Applied Data Scientist,177000.0,USD,177000.0,US,100,US,Large
526,2022,MI,FT,Data Scientist,78000.0,USD,78000.0,US,100,US,Medium
527,2022,SE,FT,Data Analyst,135000.0,USD,135000.0,US,100,US,Medium
528,2022,SE,FT,Data Analyst,100000.0,USD,100000.0,US,100,US,Medium
529,2022,SE,FT,Data Analyst,90320.0,USD,90320.0,US,100,US,Medium
530,2022,MI,FT,Data Analyst,85000.0,USD,85000.0,CA,0,CA,Medium
531,2022,MI,FT,Data Analyst,75000.0,USD,75000.0,CA,0,CA,Medium
532,2022,SE,FT,Machine Learning Engineer,214000.0,USD,214000.0,US,100,US,Medium
533,2022,SE,FT,Machine Learning Engineer,192600.0,USD,192600.0,US,100,US,Medium
534,2022,SE,FT,Data Architect,266400.0,USD,266400.0,US,100,US,Medium
535,2022,SE,FT,Data Architect,213120.0,USD,213120.0,US,100,US,Medium
536,2022,SE,FT,Data Analyst,112900.0,USD,112900.0,US,100,US,Medium
537,2022,SE,FT,Data Engineer,155000.0,USD,155000.0,US,100,US,Medium
538,2022,MI,FT,Data Scientist,141300.0,USD,141300.0,US,0,US,Medium
539,2022,MI,FT,Data Scientist,102100.0,USD,102100.0,US,0,US,Medium
540,2022,SE,FT,Data Analyst,115934.0,USD,115934.0,US,100,US,Medium
541,2022,SE,FT,Data Analyst,81666.0,USD,81666.0,US,100,US,Medium
542,2022,MI,FT,Data Engineer,206699.0,USD,206699.0,US,0,US,Medium
543,2022,MI,FT,Data Engineer,99100.0,USD,99100.0,US,0,US,Medium
544,2022,SE,FT,Data Engineer,130000.0,USD,130000.0,US,100,US,Medium
545,2022,SE,FT,Data Engineer,115000.0,USD,115000.0,US,100,US,Medium
546,2022,SE,FT,Data Engineer,110500.0,USD,110500.0,US,100,US,Medium
547,2022,SE,FT,Data Engineer,130000.0,USD,130000.0,US,100,US,Medium
548,2022,SE,FT,Data Analyst,99050.0,USD,99050.0,US,100,US,Medium
549,2022,SE,FT,Data Engineer,160000.0,USD,160000.0,US,100,US,Medium
550,2022,SE,FT,Data Scientist,205300.0,USD,205300.0,US,0,US,Large
551,2022,SE,FT,Data Scientist,140400.0,USD,140400.0,US,0,US,Large
552,2022,SE,FT,Data Scientist,176000.0,USD,176000.0,US,100,US,Medium
553,2022,SE,FT,Data Scientist,144000.0,USD,144000.0,US,100,US,Medium
554,2022,SE,FT,Data Engineer,200100.0,USD,200100.0,US,100,US,Medium
555,2022,SE,FT,Data Engineer,160000.0,USD,160000.0,US,100,US,Medium
556,2022,SE,FT,Data Engineer,145000.0,USD,145000.0,US,100,US,Medium
557,2022,SE,FT,Data Engineer,70500.0,USD,70500.0,US,0,US,Medium
558,2022,SE,FT,Data Scientist,205300.0,USD,205300.0,US,0,US,Medium
559,2022,SE,FT,Data Scientist,140400.0,USD,140400.0,US,0,US,Medium
560,2022,SE,FT,Analytics Engineer,205300.0,USD,205300.0,US,0,US,Medium
561,2022,SE,FT,Analytics Engineer,184700.0,USD,184700.0,US,0,US,Medium
562,2022,SE,FT,Data Engineer,175100.0,USD,175100.0,US,100,US,Medium
563,2022,SE,FT,Data Engineer,140250.0,USD,140250.0,US,100,US,Medium
564,2022,SE,FT,Data Analyst,116150.0,USD,116150.0,US,100,US,Medium
565,2022,SE,FT,Data Engineer,54000.0,USD,54000.0,US,0,US,Medium
566,2022,SE,FT,Data Analyst,170000.0,USD,170000.0,US,100,US,Medium
567,2022,MI,FT,Data Analyst,50000.0,GBP,65438.0,GB,0,GB,Medium
568,2022,SE,FT,Data Analyst,80000.0,USD,80000.0,US,100,US,Medium
569,2022,SE,FT,Data Scientist,140000.0,USD,140000.0,US,100,US,Medium
570,2022,SE,FT,Data Scientist,210000.0,USD,210000.0,US,100,US,Medium
571,2022,SE,FT,Data Scientist,140000.0,USD,140000.0,US,100,US,Medium
572,2022,SE,FT,Data Analyst,100000.0,USD,100000.0,US,100,US,Medium
573,2022,SE,FT,Data Analyst,69000.0,USD,69000.0,US,100,US,Medium
574,2022,SE,FT,Data Scientist,210000.0,USD,210000.0,US,100,US,Medium
575,2022,SE,FT,Data Scientist,140000.0,USD,140000.0,US,100,US,Medium
576,2022,SE,FT,Data Scientist,210000.0,USD,210000.0,US,100,US,Medium
577,2022,SE,FT,Data Analyst,150075.0,USD,150075.0,US,100,US,Medium
578,2022,SE,FT,Data Engineer,100000.0,USD,100000.0,US,100,US,Medium
579,2022,SE,FT,Data Engineer,25000.0,USD,25000.0,US,100,US,Medium
580,2022,SE,FT,Data Analyst,126500.0,USD,126500.0,US,100,US,Medium
581,2022,SE,FT,Data Analyst,106260.0,USD,106260.0,US,100,US,Medium
582,2022,SE,FT,Data Engineer,220110.0,USD,220110.0,US,100,US,Medium
583,2022,SE,FT,Data Engineer,160080.0,USD,160080.0,US,100,US,Medium
584,2022,SE,FT,Data Analyst,105000.0,USD,105000.0,US,100,US,Medium
585,2022,SE,FT,Data Analyst,110925.0,USD,110925.0,US,100,US,Medium
586,2022,MI,FT,Data Analyst,35000.0,GBP,45807.0,GB,0,GB,Medium
587,2022,SE,FT,Data Scientist,140000.0,USD,140000.0,US,100,US,Medium
588,2022,SE,FT,Data Analyst,99000.0,USD,99000.0,US,0,US,Medium
589,2022,SE,FT,Data Analyst,60000.0,USD,60000.0,US,100,US,Medium
590,2022,SE,FT,Data Architect,192564.0,USD,192564.0,US,100,US,Medium
591,2022,SE,FT,Data Architect,144854.0,USD,144854.0,US,100,US,Medium
592,2022,SE,FT,Data Scientist,230000.0,USD,230000.0,US,100,US,Medium
593,2022,SE,FT,Data Scientist,150000.0,USD,150000.0,US,100,US,Medium
594,2022,SE,FT,Data Analytics Manager,150260.0,USD,150260.0,US,100,US,Medium
595,2022,SE,FT,Data Analytics Manager,109280.0,USD,109280.0,US,100,US,Medium
596,2022,SE,FT,Data Scientist,210000.0,USD,210000.0,US,100,US,Medium
597,2022,SE,FT,Data Analyst,170000.0,USD,170000.0,US,100,US,Medium
598,2022,MI,FT,Data Scientist,160000.0,USD,160000.0,US,100,US,Medium
599,2022,MI,FT,Data Scientist,130000.0,USD,130000.0,US,100,US,Medium
600,2022,EN,FT,Data Analyst,67000.0,USD,67000.0,CA,0,CA,Medium
601,2022,EN,FT,Data Analyst,52000.0,USD,52000.0,CA,0,CA,Medium
602,2022,SE,FT,Data Engineer,154000.0,USD,154000.0,US,100,US,Medium
603,2022,SE,FT,Data Engineer,126000.0,USD,126000.0,US,100,US,Medium
604,2022,SE,FT,Data Analyst,129000.0,USD,129000.0,US,0,US,Medium
605,2022,SE,FT,Data Analyst,150000.0,USD,150000.0,US,100,US,Medium
606,2022,MI,FT,AI Scientist,200000.0,USD,200000.0,IN,100,US,Large
